{"negative_total": 3717106, "pNotA": 0.6167913834308647, "pA": 0.3832086165691353, "num_words": 167453, "positive_total": 1521010}